transaction_id,amount,transaction_type,location,device,fraud
TX201,1200,UPI,Bangalore,Mobile,0
TX202,3500,Card,Chennai,Mobile,0
TX203,85000,Transfer,Delhi,New,1
TX204,950,UPI,Bangalore,Mobile,0
TX205,62000,Online,Mumbai,New,1
TX206,2100,Card,Chennai,Mobile,0
TX207,7500,UPI,Hyderabad,Web,0
TX208,95000,Transfer,Kolkata,New,1
TX209,1800,UPI,Bangalore,Mobile,0
TX210,4200,Card,Chennai,Mobile,0
TX211,72000,Transfer,Delhi,New,1
TX212,1300,UPI,Hyderabad,Mobile,0
TX213,5600,Online,Mumbai,Web,0
TX214,88000,Transfer,Kolkata,New,1
TX215,2500,Card,Chennai,Mobile,0
TX216,1100,UPI,Bangalore,Mobile,0
TX217,68000,Online,Mumbai,New,1
TX218,3200,Card,Hyderabad,Mobile,0
TX219,90000,Transfer,Delhi,New,1
TX220,1500,UPI,Bangalore,Mobile,0
TX221,4700,Card,Chennai,Web,0
TX222,76000,Online,Kolkata,New,1
TX223,2200,UPI,Hyderabad,Mobile,0
TX224,3900,Card,Bangalore,Mobile,0
TX225,83000,Transfer,Mumbai,New,1
TX226,1700,UPI,Chennai,Mobile,0
TX227,6100,Online,Hyderabad,Web,0
TX228,92000,Transfer,Kolkata,New,1
TX229,2800,Card,Bangalore,Mobile,0
TX230,51000,Online,Delhi,New,1