transaction_id,amount,transaction_type,location,device,fraud,fraud_probability,risk_score,risk_level
TX201,1200,UPI,Bangalore,Mobile,0,0.01,1.0,LOW
TX202,3500,Card,Chennai,Mobile,0,0.01,1.0,LOW
TX203,85000,Transfer,Delhi,New,1,1.0,100.0,HIGH
TX204,950,UPI,Bangalore,Mobile,0,0.01,1.0,LOW
TX205,62000,Online,Mumbai,New,1,0.96,96.0,HIGH
TX206,2100,Card,Chennai,Mobile,0,0.01,1.0,LOW
TX207,7500,UPI,Hyderabad,Web,0,0.02,2.0,LOW
TX208,95000,Transfer,Kolkata,New,1,1.0,100.0,HIGH
TX209,1800,UPI,Bangalore,Mobile,0,0.01,1.0,LOW
TX210,4200,Card,Chennai,Mobile,0,0.01,1.0,LOW
TX211,72000,Transfer,Delhi,New,1,1.0,100.0,HIGH
TX212,1300,UPI,Hyderabad,Mobile,0,0.01,1.0,LOW
TX213,5600,Online,Mumbai,Web,0,0.1,10.0,LOW
TX214,88000,Transfer,Kolkata,New,1,1.0,100.0,HIGH
TX215,2500,Card,Chennai,Mobile,0,0.01,1.0,LOW
TX216,1100,UPI,Bangalore,Mobile,0,0.01,1.0,LOW
TX217,68000,Online,Mumbai,New,1,0.96,96.0,HIGH
TX218,3200,Card,Hyderabad,Mobile,0,0.0,0.0,LOW
TX219,90000,Transfer,Delhi,New,1,1.0,100.0,HIGH
TX220,1500,UPI,Bangalore,Mobile,0,0.01,1.0,LOW
TX221,4700,Card,Chennai,Web,0,0.03,3.0,LOW
TX222,76000,Online,Kolkata,New,1,0.98,98.0,HIGH
TX223,2200,UPI,Hyderabad,Mobile,0,0.01,1.0,LOW
TX224,3900,Card,Bangalore,Mobile,0,0.01,1.0,LOW
TX225,83000,Transfer,Mumbai,New,1,1.0,100.0,HIGH
TX226,1700,UPI,Chennai,Mobile,0,0.01,1.0,LOW
TX227,6100,Online,Hyderabad,Web,0,0.05,5.0,LOW
TX228,92000,Transfer,Kolkata,New,1,1.0,100.0,HIGH
TX229,2800,Card,Bangalore,Mobile,0,0.01,1.0,LOW
TX230,51000,Online,Delhi,New,1,0.97,97.0,HIGH
